{"RuleTriggered": 6, "Violations": 6, "Details": {"algo-1": {"cpu": {"p25": 13.53875, "p50": 22.11625, "p75": 27.72375, "p95": 43.59174999999999, "upper": 49.00125, "lower": 0.0}, "gpu0": {"p25": 0.0, "p50": 0.0, "p75": 0.0, "p95": 0.0, "upper": 0.0, "lower": 0.0}, "gpu0_memory": {"p25": 0.0, "p50": 0.0, "p75": 0.0, "p95": 0.0, "upper": 0.0, "lower": 0.0}}, "last_timestamp": 1697834760000000}, "Datapoints": 1717, "RuleParameters": "cpu_threshold_p95:70\ngpu_threshold_p95:70\ngpu_memory_threshold_p95:70\npatience:1000\nwindow:500"}