{"RuleTriggered": 0, "Violations": 0, "Details": {"pin_memory": false, "num_workers": 0, "cores": 8, "dataloaders": 1, "dataloading_time": {"p25": 7.29417025, "p50": 7.6495, "p95": 8.6212673, "probs": [1, 0, 0, 0, 0, 0, 0, 0, 0, 0, 0, 1, 0, 0, 0, 0, 0, 0, 0, 1, 0, 0, 0, 0, 0, 0, 1, 0, 0, 0, 0, 0, 0, 0, 0, 0, 1, 0, 0, 0, 0, 0, 0, 1, 0, 1, 0, 0, 0, 0, 0, 0, 0, 0, 0, 0, 0, 0, 0, 0, 0, 0, 0, 0, 0, 0, 0, 0, 1, 0, 0, 0, 0, 0, 0, 0, 0, 0, 0, 0, 0, 0, 1, 0, 0, 0, 0, 0, 0, 0, 0, 0, 0, 0, 0, 0, 0, 0, 0, 1], "binedges": [6.906121, 6.9247383199999994, 6.94335564, 6.96197296, 6.9805902799999995, 6.9992076, 7.01782492, 7.0364422399999995, 7.05505956, 7.07367688, 7.0922941999999995, 7.11091152, 7.12952884, 7.14814616, 7.16676348, 7.1853808, 7.20399812, 7.22261544, 7.24123276, 7.25985008, 7.2784674, 7.29708472, 7.31570204, 7.33431936, 7.35293668, 7.371554, 7.39017132, 7.40878864, 7.42740596, 7.44602328, 7.4646406, 7.48325792, 7.50187524, 7.52049256, 7.53910988, 7.5577272, 7.57634452, 7.59496184, 7.6135791600000005, 7.63219648, 7.6508138, 7.6694311200000005, 7.68804844, 7.70666576, 7.7252830800000005, 7.7439004, 7.76251772, 7.78113504, 7.79975236, 7.81836968, 7.836987, 7.85560432, 7.87422164, 7.89283896, 7.91145628, 7.9300736, 7.948690920000001, 7.96730824, 7.98592556, 8.00454288, 8.0231602, 8.04177752, 8.06039484, 8.07901216, 8.09762948, 8.1162468, 8.13486412, 8.15348144, 8.17209876, 8.19071608, 8.2093334, 8.22795072, 8.24656804, 8.26518536, 8.28380268, 8.30242, 8.32103732, 8.339654640000001, 8.35827196, 8.37688928, 8.395506600000001, 8.41412392, 8.43274124, 8.451358560000001, 8.46997588, 8.4885932, 8.507210520000001, 8.52582784, 8.54444516, 8.563062480000001, 8.5816798, 8.60029712, 8.618914440000001, 8.63753176, 8.65614908, 8.674766400000001, 8.69338372, 8.71200104, 8.730618360000001, 8.74923568, 8.767853]}}, "Datapoints": 10, "RuleParameters": "min_threshold:70\nmax_threshold:200"}