{"RuleTriggered": 0, "Violations": 34, "Details": {"low_gpu_utilization": 1663, "bottlenecks": {"1697834802.001766": {"GPUs": 1, "CPUs": 1}, "1697834802.501771": {"GPUs": 1, "CPUs": 1}, "1697834803.001621": {"GPUs": 1, "CPUs": 1}, "1697834803.501145": {"GPUs": 1, "CPUs": 1}, "1697834805.001444": {"GPUs": 1, "CPUs": 1}, "1697834805.502034": {"GPUs": 1, "CPUs": 2}, "1697834810.501683": {"GPUs": 1, "CPUs": 1}, "1697834939.501902": {"GPUs": 1, "CPUs": 1}, "1697834974.501902": {"GPUs": 1, "CPUs": 1}, "1697835129.501574": {"GPUs": 1, "CPUs": 1}, "1697835130.00116": {"GPUs": 1, "CPUs": 1}, "1697835130.501722": {"GPUs": 1, "CPUs": 1}, "1697835131.001409": {"GPUs": 1, "CPUs": 1}, "1697835131.501602": {"GPUs": 1, "CPUs": 1}, "1697835132.00154": {"GPUs": 1, "CPUs": 1}, "1697835135.001861": {"GPUs": 1, "CPUs": 1}, "1697835146.50139": {"GPUs": 1, "CPUs": 1}, "1697835147.502057": {"GPUs": 1, "CPUs": 1}, "1697835148.501766": {"GPUs": 1, "CPUs": 1}, "1697835155.002014": {"GPUs": 1, "CPUs": 1}, "1697835155.50202": {"GPUs": 1, "CPUs": 1}, "1697835182.001996": {"GPUs": 1, "CPUs": 1}, "1697835189.501306": {"GPUs": 1, "CPUs": 1}, "1697835190.501443": {"GPUs": 1, "CPUs": 1}, "1697835191.501868": {"GPUs": 1, "CPUs": 1}, "1697835192.501236": {"GPUs": 1, "CPUs": 1}, "1697835193.501629": {"GPUs": 1, "CPUs": 1}, "1697835194.501747": {"GPUs": 1, "CPUs": 1}, "1697835197.501631": {"GPUs": 1, "CPUs": 1}, "1697835200.501318": {"GPUs": 1, "CPUs": 1}, "1697835204.501708": {"GPUs": 1, "CPUs": 1}, "1697835205.5013": {"GPUs": 1, "CPUs": 1}, "1697835207.501494": {"GPUs": 1, "CPUs": 1}, "1697835211.501594": {"GPUs": 1, "CPUs": 1}}}, "Datapoints": 1719, "RuleParameters": "threshold:50\nio_threshold:50\ngpu_threshold:10\npatience:1000"}