{"RuleTriggered": 0, "Violations": 0, "Details": {"step_num": {"first": 1697835163852411, "last": 1697835657644829}, "job_start": 1697834801.001172, "job_end": 1697835659.502301}, "Datapoints": 60, "RuleParameters": "threshold:20"}