{"RuleTriggered": 0, "Violations": 0, "Details": {"ratio": {"cpu_functions": 100.0}, "phase": {"Step:ModeKeys.TRAIN": 51.12893436563248, "others": 42.47007768927226, "Step:ModeKeys.EVAL": 6.400987945095252}, "phase_time": {}, "CPU": {"aten::to": 4.508453478724651, "aten::copy_": 5.035250512310201, "enumerate(DataLoader)#_SingleProcessDataLoaderIter.__next__": 85.28882859570164, "aten::flip": 5.167467413263506}, "CPU_total": {"aten::to": 4409229, "aten::copy_": 4924432, "enumerate(DataLoader)#_SingleProcessDataLoaderIter.__next__": 83411746, "aten::flip": 5053739}, "general": {"DataLoaderIterInitialize": 0.0003370622100306173, "DataLoaderIter": 28.442390167873207, "Forward": 71.55727276991676}}, "Datapoints": 0, "RuleParameters": ""}